{"cameraMode":{"drawMode":0,"name":"Shaded","section":"Shading Mode"},"sceneLighting":false,"audioPlay":false,"sceneViewState":{"showFog":true,"showMaterialUpdate":true,"showSkybox":false,"showFlares":true,"showImageEffects":true,"showParticleSystems":true},"in2DMode":false,"pivot":{"x":0.0,"y":1.0411195755004883,"z":-0.029009222984313966},"rotation":{"x":0.41444072127342226,"y":0.28133639693260195,"z":-0.1364225149154663,"w":0.8546823263168335},"size":8.936805725097657,"orthographic":false}