{"cameraMode":{"drawMode":0,"name":"Shaded","section":"Shading Mode"},"sceneLighting":true,"audioPlay":false,"sceneViewState":{"showFog":true,"showMaterialUpdate":true,"showSkybox":true,"showFlares":true,"showImageEffects":true,"showParticleSystems":true},"in2DMode":false,"pivot":{"x":-0.19599997997283936,"y":2.950000047683716,"z":0.26499998569488528},"rotation":{"x":0.1940295547246933,"y":0.12177783250808716,"z":-0.02428155019879341,"w":0.9731113910675049},"size":5.241659164428711,"orthographic":false}