{"cameraMode":{"drawMode":0,"name":"Shaded","section":"Shading Mode"},"sceneLighting":true,"audioPlay":false,"sceneViewState":{"showFog":true,"showMaterialUpdate":true,"showSkybox":true,"showFlares":true,"showImageEffects":true,"showParticleSystems":true},"in2DMode":false,"pivot":{"x":-2.6807849407196047,"y":4.1556854248046879,"z":1.105334758758545},"rotation":{"x":0.1940295547246933,"y":0.12177783250808716,"z":-0.02428155019879341,"w":0.9731113910675049},"size":22.0,"orthographic":false}