{"cameraMode":{"drawMode":0,"name":"Shaded","section":"Shading Mode"},"sceneLighting":false,"audioPlay":false,"sceneViewState":{"showFog":true,"showMaterialUpdate":true,"showSkybox":false,"showFlares":true,"showImageEffects":true,"showParticleSystems":true},"in2DMode":false,"pivot":{"x":-1.368408203125,"y":1.066162109375,"z":1.259765625},"rotation":{"x":0.043500807136297229,"y":0.9561039209365845,"z":-0.19033019244670869,"w":0.2185213416814804},"size":3.471611261367798,"orthographic":true}