{"cameraMode":{"drawMode":0,"name":"Shaded","section":"Shading Mode"},"sceneLighting":true,"audioPlay":false,"sceneViewState":{"showFog":true,"showMaterialUpdate":true,"showSkybox":true,"showFlares":true,"showImageEffects":true,"showParticleSystems":true},"in2DMode":false,"pivot":{"x":6.79506778717041,"y":26.733062744140626,"z":-5.641130447387695},"rotation":{"x":0.6026355624198914,"y":-0.005734199192374945,"z":0.004336584359407425,"w":0.7979984879493713},"size":4.311678409576416,"orthographic":false}