{"cameraMode":{"drawMode":0,"name":"Shaded","section":"Shading Mode"},"sceneLighting":false,"audioPlay":false,"sceneViewState":{"showFog":true,"showMaterialUpdate":true,"showSkybox":false,"showFlares":true,"showImageEffects":true,"showParticleSystems":true},"in2DMode":false,"pivot":{"x":-0.32146787643432619,"y":0.47951239347457888,"z":0.02794170379638672},"rotation":{"x":-0.032278671860694888,"y":-0.9399081468582153,"z":0.3270016014575958,"w":-0.09277984499931336},"size":1.434201955795288,"orthographic":false}